,formula,time,result
0,"!([]((""scheduler_8==to_start"" U ""customer_1==q_error"") -> ![]X ((""scheduler_8==to_start"" U (""customer_9==q_error"" && ""scheduler_8==to_start"" && ""scheduler_9==to_start"")) -> ""scheduler_0==wait"")))",1.5485191940097138,False
1,"!(<>(([]X ""scheduler_4==wait"" -> (""scheduler_11==to_start"" U (""scheduler_11==to_start"" && (<>""customer_7==q_error"" U (""scheduler_8==started"" && <>""customer_7==q_error""))))) R (""scheduler_1==wait"" U (""scheduler_1==started"" && ""scheduler_1==wait""))))",2.739116183016449,True
2,"!(<>""customer_5==q_error"" <-> <>(X []""scheduler_0==to_start"" || !(<>X ""customer_12==q_error"" -> ""scheduler_3==wait"")))",2.2406351489480585,False
3,"!(<>(X ""customer_3==q_error"" U (!""scheduler_12==started"" && X ""customer_3==q_error"")) R ((X <>""scheduler_2==wait"" U (!""scheduler_9==to_start"" && X <>""scheduler_2==wait"")) || <>(X ""customer_3==q_error"" U (!""scheduler_12==started"" && X ""customer_3==q_error""))))",2.892729397979565,False
4,"!(!(<>!([]""customer_5==q_error"" <-> []""customer_7==running"") <-> (""customer_5==q_error"" R (""customer_5==q_error"" || ([]""scheduler_10==wait"" U <>""scheduler_8==to_start"")))))",3.8518796099815518,False
5,"!(<>[]!(X <>""scheduler_10==wait"" <-> X X (!([]""scheduler_8==started"" U (""scheduler_7==wait"" && []""scheduler_8==started"")) U ""scheduler_11==started"")))",1.8028183180140331,True
6,"!(!((X ""scheduler_3==wait"" R (X ""scheduler_3==wait"" || (""scheduler_4==started"" R (""scheduler_3==to_start"" || ""scheduler_4==started"")))) <-> X <>!(<>""customer_12==running"" <-> []<>""customer_3==running"")))",2.5467672121012583,True
7,"!(([]<>""scheduler_12==to_start"" || [](""scheduler_12==wait"" U (""scheduler_3==to_start"" && ""scheduler_12==wait""))) R (<>""customer_4==q_error"" U (""scheduler_9==to_start"" && ""scheduler_12==started"")))",0.7721305219456553,True
8,"!(<>[]!((""scheduler_8==to_start"" U ""scheduler_0==to_start"") <-> ((""scheduler_4==wait"" -> !""scheduler_4==to_start"") <-> (<>""customer_2==running"" R (""scheduler_8==wait"" || <>""customer_2==running"")))))",2.5043557920726016,True
9,"!(<>X X (""scheduler_5==started"" U (""scheduler_5==started"" && (""scheduler_0==wait"" U (""scheduler_0==wait"" && X ""customer_9==running"")))) R ((<>""customer_5==q_error"" R (X ""customer_2==running"" || <>""customer_5==q_error"")) || <>X X (""scheduler_5==started"" U (""scheduler_5==started"" && (""scheduler_0==wait"" U (""scheduler_0==wait"" && X ""customer_9==running""))))))",5.045348568935879,False
10,"!((""customer_6==running"" && <>""scheduler_1==started"") R (<>""customer_4==q_error"" || ((""customer_0==running"" || !""customer_2==running"") U X ""scheduler_6==to_start"") || (""customer_6==running"" && <>""scheduler_1==started"")))",1000.0,
11,"!(!((<>""customer_6==q_error"" U []""customer_10==running"") R ((<>""customer_6==q_error"" U []""customer_10==running"") || (<>(""scheduler_8==to_start"" R ""scheduler_6==wait"") U ((""scheduler_9==to_start"" U ""scheduler_2==to_start"") && <>(""scheduler_8==to_start"" R ""scheduler_6==wait""))))))",4.420290436944924,True
12,"!(!((![]""scheduler_3==started"" U (X ""customer_0==q_error"" && ![]""scheduler_3==started"")) <-> []([]""customer_10==running"" R ([]""customer_10==running"" || !(""scheduler_3==to_start"" <-> <>""scheduler_5==to_start"")))))",1000.0,
13,"!((""customer_4==q_error"" <-> ([]""scheduler_4==to_start"" R (<>""scheduler_12==to_start"" U ""scheduler_0==started""))) R (""scheduler_6==to_start"" || (""customer_4==q_error"" <-> ([]""scheduler_4==to_start"" R (<>""scheduler_12==to_start"" U ""scheduler_0==started"")))))",3.041040105978027,True
14,"!(((""scheduler_9==started"" -> ""scheduler_9==to_start"") && <>""customer_0==q_error"") R (((""scheduler_9==started"" -> ""scheduler_9==to_start"") && <>""customer_0==q_error"") || ([]""customer_12==running"" -> ([]""customer_0==q_error"" U (!""customer_10==running"" && []""customer_0==q_error"")))))",1000.0,
15,"!(<>(X X (""scheduler_2==to_start"" U ""scheduler_12==wait"") R (<>""customer_7==q_error"" || (""scheduler_0==to_start"" <-> []!""scheduler_6==to_start""))))",9.977754201972857,False
16,"!(!((""scheduler_6==to_start"" || X (""scheduler_3==wait"" && ""scheduler_4==wait"")) <-> ((""scheduler_5==to_start"" U ""scheduler_3==to_start"") R <>(""scheduler_11==to_start"" U (""scheduler_1==to_start"" && ""scheduler_11==to_start"")))))",0.747626154916361,True
17,"!([](<>X X ""customer_11==running"" U ((""scheduler_6==to_start"" R ""customer_1==running"") R (""scheduler_7==wait"" || (""scheduler_6==to_start"" R ""customer_1==running"")))) U (""customer_6==q_error"" && ""scheduler_11==wait"" && [](<>X X ""customer_11==running"" U ((""scheduler_6==to_start"" R ""customer_1==running"") R (""scheduler_7==wait"" || (""scheduler_6==to_start"" R ""customer_1==running""))))))",3.235692071961239,True
18,"!(""customer_8==running"" R (""customer_8==running"" || (<>X ""scheduler_7==wait"" <-> <>(<>(""scheduler_1==to_start"" && X ""scheduler_10==started"") R []""scheduler_3==to_start""))))",0.7661590090719983,True
19,"!(<>([]""customer_0==q_error"" R X (""scheduler_12==wait"" U ""scheduler_12==started"")) U ((""scheduler_0==wait"" && ""scheduler_8==started"") R <>""scheduler_1==wait""))",1000.0,
20,"!([]((<>""scheduler_1==wait"" U ((""scheduler_0==started"" <-> ""scheduler_6==started"") && <>""scheduler_1==wait"" && [](""customer_11==q_error"" U (""customer_11==q_error"" && ""scheduler_1==to_start"")))) U X ""customer_5==running""))",0.7546302039409056,True
21,"!([]((X ""customer_0==q_error"" -> ""customer_9==running"") U ((X ""customer_0==q_error"" -> ""customer_9==running"") && (<>X ""scheduler_3==started"" <-> (X ""scheduler_11==started"" R (X ""scheduler_4==started"" || X ""scheduler_11==started""))))))",1000.0,
22,"!([]<>(<>X ""customer_7==q_error"" || ([]""scheduler_8==started"" <-> (""scheduler_8==wait"" U !X ""scheduler_0==wait""))))",1.6730898149544373,False
23,"!((""scheduler_4==started"" R (""scheduler_4==started"" || <>""scheduler_4==wait"")) R ((""scheduler_11==started"" <-> (""customer_2==q_error"" R X (<>!""scheduler_3==to_start"" R (""scheduler_5==to_start"" || <>!""scheduler_3==to_start"")))) || (""scheduler_4==started"" R (""scheduler_4==started"" || <>""scheduler_4==wait""))))",2.3086510739522055,False
24,"!([]<>(""customer_3==running"" <-> (<>!<>""customer_12==q_error"" R X !(""customer_8==running"" <-> !""scheduler_11==wait""))))",8.176214967970736,False
25,"!(((""scheduler_12==to_start"" <-> X ""scheduler_5==to_start"") R (""scheduler_7==to_start"" || (""scheduler_12==to_start"" <-> X ""scheduler_5==to_start""))) R ((""customer_0==q_error"" <-> !<>(""customer_9==q_error"" && ""scheduler_2==started"")) || ((""scheduler_12==to_start"" <-> X ""scheduler_5==to_start"") R (""scheduler_7==to_start"" || (""scheduler_12==to_start"" <-> X ""scheduler_5==to_start"")))))",1000.0,
26,"!([]<>!((""customer_6==q_error"" R ""scheduler_11==to_start"") <-> (<>(""customer_0==q_error"" && ""scheduler_4==started"" && !""scheduler_10==wait"") U ""scheduler_1==started"")))",1000.0,
27,"!((""customer_12==running"" R ""customer_0==q_error"") R (<>""scheduler_5==to_start"" || (""customer_12==running"" R ""customer_0==q_error"") || ((""scheduler_7==wait"" || (""customer_8==q_error"" <-> ""scheduler_5==started"")) U ((""scheduler_7==wait"" || (""customer_8==q_error"" <-> ""scheduler_5==started"")) && []""customer_2==running""))))",1000.0,
28,"!([](X ([]!""customer_7==q_error"" U ([]""scheduler_2==to_start"" && []!""customer_7==q_error"")) -> <>(""scheduler_0==started"" && ""scheduler_5==to_start"")))",2.416943256976083,False
29,"!(!(""customer_9==q_error"" R (X <>(""scheduler_3==to_start"" && ([]""scheduler_10==to_start"" -> []""scheduler_0==wait"")) R (X ""scheduler_1==started"" || X <>(""scheduler_3==to_start"" && ([]""scheduler_10==to_start"" -> []""scheduler_0==wait""))))))",2.589348993031308,True
30,"!(!(""customer_3==q_error"" <-> (""customer_10==q_error"" || !X ""scheduler_1==to_start"")) R (X <>((""scheduler_4==to_start"" R ""customer_5==q_error"") R (""customer_3==q_error"" || (""scheduler_4==to_start"" R ""customer_5==q_error""))) || !(""customer_3==q_error"" <-> (""customer_10==q_error"" || !X ""scheduler_1==to_start""))))",3.2675420430023223,False
31,"!((X ""customer_4==q_error"" U X !""scheduler_3==to_start"") R ((X ""customer_4==q_error"" U X !""scheduler_3==to_start"") || <>(""customer_12==q_error"" U (""customer_12==q_error"" && X !(""customer_3==running"" <-> !""scheduler_4==to_start"")))))",2.997642747941427,False
32,"!([](""customer_4==running"" U <>[](""scheduler_6==started"" <-> []X X (""customer_9==q_error"" && ""scheduler_1==to_start"" && ""scheduler_8==wait""))))",1.783095597056672,True
33,"!([]X ![](([]""scheduler_0==started"" && (""scheduler_7==started"" U ""customer_3==q_error"")) <-> (""scheduler_3==started"" R (""scheduler_3==started"" || <>""customer_9==q_error""))))",2.75465193297714,False
34,"!([]!((""customer_9==q_error"" <-> <>(""scheduler_11==wait"" R ""scheduler_1==wait"")) <-> (""customer_7==running"" -> ([]X ""scheduler_5==wait"" U (""scheduler_0==started"" && []X ""scheduler_5==wait"")))))",0.5871707709738985,True
35,"!((X ""customer_0==running"" U X (""customer_0==running"" <-> ""customer_1==running"")) R ([]""scheduler_7==started"" || (""customer_6==running"" -> <>""customer_12==q_error"")))",1000.0,
36,"!(<>[](""customer_4==running"" <-> (X ((""customer_2==running"" && ""scheduler_6==wait"") -> ""scheduler_12==wait"") U ""scheduler_6==started"")))",2.013244697940536,True
37,"!(<>""scheduler_7==started"" R (((""scheduler_11==wait"" -> <>""customer_12==running"") U (X ""scheduler_4==started"" && (""scheduler_11==wait"" -> <>""customer_12==running""))) R (<>(""scheduler_0==to_start"" R ""scheduler_10==started"") || ((""scheduler_11==wait"" -> <>""customer_12==running"") U (X ""scheduler_4==started"" && (""scheduler_11==wait"" -> <>""customer_12==running""))))))",6.668939285096712,False
38,"!(<>!(<>(!<>""scheduler_9==to_start"" U (""customer_3==q_error"" <-> []""customer_5==q_error"")) <-> []!""customer_9==q_error""))",1.5167308149393648,True
39,"!([]X X ((<>!(""customer_11==q_error"" <-> (""scheduler_0==wait"" R ""scheduler_10==to_start"")) R ([]""customer_3==running"" || <>!(""customer_11==q_error"" <-> (""scheduler_0==wait"" R ""scheduler_10==to_start"")))) U ([]""scheduler_6==wait"" && (<>!(""customer_11==q_error"" <-> (""scheduler_0==wait"" R ""scheduler_10==to_start"")) R ([]""customer_3==running"" || <>!(""customer_11==q_error"" <-> (""scheduler_0==wait"" R ""scheduler_10==to_start"")))))))",2.54484444798436,True
40,"!(""customer_7==running"" R (""scheduler_1==started"" || X <>""customer_4==q_error"" || (<>""scheduler_7==started"" R (""customer_6==q_error"" <-> <>""customer_0==q_error""))))",1000.0,
41,"!(<>[]!(([]""customer_3==q_error"" U ([]""customer_3==q_error"" && X !(""scheduler_8==to_start"" <-> []""customer_6==running""))) <-> (""scheduler_2==to_start"" U (""scheduler_2==to_start"" && <>""customer_5==q_error""))))",0.8378448279108852,True
42,"!(!((""customer_0==running"" U (""scheduler_10==started"" U ""scheduler_0==wait"")) <-> X []((""customer_11==q_error"" R (""customer_11==q_error"" || <>""scheduler_6==to_start"")) U X ""scheduler_8==to_start"")))",1000.0,
43,"!(<>(<>(""scheduler_2==wait"" R ""customer_0==q_error"") <-> ((<>""customer_12==q_error"" -> ""scheduler_8==to_start"") U (X ""scheduler_12==started"" && (<>""customer_12==q_error"" -> ""scheduler_8==to_start"")))))",1000.0,
44,"!((<>""customer_10==q_error"" && <>!""customer_6==q_error"") U !(<>""customer_6==running"" <-> <>(X ""customer_9==q_error"" R (""customer_6==q_error"" || X ""customer_9==q_error""))))",2.9672809339826927,False
45,"!([]X (!(""customer_5==q_error"" && ""customer_9==q_error"") -> <>(""customer_10==running"" U X (""customer_4==q_error"" && ""customer_11==running""))))",0.7420676769688725,True
46,"!([]!([]!""customer_9==q_error"" <-> !(""customer_6==q_error"" <-> <>(<>""scheduler_9==started"" -> (X ""customer_4==q_error"" R ""scheduler_5==started"")))))",2.498767930082977,False
47,"!(<>(<>[]!""scheduler_10==to_start"" R (!""customer_4==running"" U (!""customer_4==running"" && X ""scheduler_8==wait""))))",3.2457087349612266,True
48,"!([]<>((""scheduler_11==started"" R !""scheduler_7==to_start"") R (""scheduler_12==wait"" || ((!""scheduler_5==started"" || ""scheduler_9==wait"") U ""customer_9==q_error""))))",4.989858394023031,False
49,"!((""customer_0==q_error"" U (""customer_0==q_error"" && (""customer_12==q_error"" || (""scheduler_2==started"" U (""scheduler_2==started"" && ""scheduler_12==started""))))) || (""customer_5==running"" U <>[](""scheduler_1==started"" U (""scheduler_1==started"" && ""scheduler_4==wait""))))",1000.0,
50,"!(<>([](!(""customer_8==q_error"" <-> (!""scheduler_1==started"" <-> X (""scheduler_5==wait"" U ""scheduler_6==to_start""))) R (""customer_7==q_error"" || !(""customer_8==q_error"" <-> (!""scheduler_1==started"" <-> X (""scheduler_5==wait"" U ""scheduler_6==to_start""))))) U (""scheduler_4==started"" && [](!(""customer_8==q_error"" <-> (!""scheduler_1==started"" <-> X (""scheduler_5==wait"" U ""scheduler_6==to_start""))) R (""customer_7==q_error"" || !(""customer_8==q_error"" <-> (!""scheduler_1==started"" <-> X (""scheduler_5==wait"" U ""scheduler_6==to_start""))))))))",0.8073191089788452,True
51,"!(([](""scheduler_8==wait"" U ""customer_11==q_error"") U !""customer_7==q_error"") U (([]([]""scheduler_8==wait"" R ""customer_0==running"") R ""scheduler_6==wait"") && ([](""scheduler_8==wait"" U ""customer_11==q_error"") U !""customer_7==q_error"")))",1000.0,
52,"!([]((<>""scheduler_0==to_start"" && []<>""scheduler_4==started"") || ((X ""scheduler_5==to_start"" R ""customer_8==running"") R (<>""customer_9==q_error"" || (X ""scheduler_5==to_start"" R ""customer_8==running"")))))",4.646510566002689,False
53,"!(""scheduler_10==to_start"" || (<>""customer_5==q_error"" R (<>""customer_5==q_error"" || !((<>""scheduler_8==wait"" U (""scheduler_8==to_start"" && <>""scheduler_8==wait"")) <-> [](X ""scheduler_11==started"" U (""customer_9==running"" && X ""scheduler_11==started""))))))",6.009242942091078,False
54,"!([]<>([]""scheduler_6==to_start"" || X (![]""customer_9==running"" || (<>""scheduler_10==wait"" U ([]""customer_9==running"" && <>""scheduler_10==wait"")))))",1.4802784899948165,False
55,"!([](<>(<>""customer_2==running"" R ((""customer_11==running"" <-> ""scheduler_8==wait"") || <>""customer_2==running"")) U (""scheduler_7==started"" <-> !<>""customer_9==q_error"")))",7.121517471037805,False
56,"!(<>(((""scheduler_3==started"" && ""scheduler_12==started"") R ""scheduler_0==wait"") U (!(!""customer_5==running"" U (""customer_2==running"" <-> []""scheduler_6==wait"")) && ((""scheduler_3==started"" && ""scheduler_12==started"") R ""scheduler_0==wait""))))",3.2006614159327,True
57,"!(X []((""customer_0==running"" <-> ""scheduler_10==started"") R ([]""customer_10==running"" -> (<>""customer_9==q_error"" U (""scheduler_4==to_start"" && <>""customer_9==q_error"")))))",1000.0,
58,"!(<>""customer_12==q_error"" || []((!X ""customer_9==running"" R ""customer_0==running"") || !(""customer_4==running"" R (""customer_4==running"" || []""scheduler_11==wait""))))",1000.0,
59,"!(<>(!(""customer_5==q_error"" <-> ""customer_8==q_error"") R (!(""customer_5==q_error"" <-> ""customer_8==q_error"") || (<>""customer_0==q_error"" U (!""customer_5==running"" && <>""customer_0==q_error"")))) U ((X ""scheduler_3==wait"" R ""scheduler_6==to_start"") && <>(!(""customer_5==q_error"" <-> ""customer_8==q_error"") R (!(""customer_5==q_error"" <-> ""customer_8==q_error"") || (<>""customer_0==q_error"" U (!""customer_5==running"" && <>""customer_0==q_error""))))))",1000.0,
60,"!(<>!(<>""customer_12==q_error"" <-> (""customer_9==q_error"" R ""scheduler_1==to_start"")) R (X (""scheduler_1==to_start"" || (""customer_11==q_error"" U !""customer_11==q_error"")) || <>!(<>""customer_12==q_error"" <-> (""customer_9==q_error"" R ""scheduler_1==to_start""))))",2.7819769209017977,False
61,"!(<>((""scheduler_12==started"" && X ""scheduler_0==wait"") <-> <>([]""scheduler_1==wait"" U (X (""scheduler_10==wait"" R X ""customer_3==q_error"") && []""scheduler_1==wait""))))",7.301247923984192,False
62,"!(<>(""scheduler_4==started"" R ""scheduler_7==to_start"") R (<>(""scheduler_4==started"" R ""scheduler_7==to_start"") || <>X !([]!""scheduler_3==started"" <-> !(""scheduler_8==started"" <-> X ""scheduler_4==wait""))))",6.122789235902019,False
63,"!(X ((<>(""customer_10==q_error"" R (""customer_10==q_error"" || <>""scheduler_10==wait"")) U (""scheduler_5==wait"" && <>(""customer_10==q_error"" R (""customer_10==q_error"" || <>""scheduler_10==wait"")))) R ((X []""scheduler_5==started"" -> <>""customer_2==q_error"") || (<>(""customer_10==q_error"" R (""customer_10==q_error"" || <>""scheduler_10==wait"")) U (""scheduler_5==wait"" && <>(""customer_10==q_error"" R (""customer_10==q_error"" || <>""scheduler_10==wait"")))))))",5.095778574934229,False
64,"!(X !([]""scheduler_1==started"" <-> (<>""scheduler_12==to_start"" R (!(<>""customer_6==q_error"" <-> [](""customer_10==running"" U ""scheduler_2==to_start"")) || <>""scheduler_12==to_start""))))",2.406975549994968,False
65,"!(!(""scheduler_10==wait"" <-> ((true U ""scheduler_10==started"") U ((""scheduler_11==wait"" -> ""customer_7==q_error"") && []""scheduler_10==wait"" && (true U ""scheduler_10==started"")))))",1.4647659319452941,True
66,"!((!(""customer_8==running"" <-> ""scheduler_1==wait"") && (""customer_10==q_error"" R ""customer_8==q_error"")) R ([](<>""scheduler_4==started"" U ""scheduler_0==to_start"") U ""scheduler_10==started""))",0.7899968209676445,False
67,"!(<>""scheduler_8==started"" U !X !((""scheduler_5==wait"" R ""scheduler_3==to_start"") <-> []!([]""customer_3==running"" R ""scheduler_1==wait"")))",7.718830634956248,False
68,"!([]((<>""customer_4==q_error"" U (X (!<>X ""scheduler_4==wait"" R X ""scheduler_5==to_start"") && <>""customer_4==q_error"")) U !""scheduler_7==to_start""))",2.404279076959938,True
69,"!([]<>!(""customer_6==running"" U (""customer_6==running"" && X []""scheduler_7==started"")) R <>(<>""scheduler_0==to_start"" && []""scheduler_11==wait""))",3.9932991430396214,True
70,"!([](((""scheduler_0==started"" || ""scheduler_6==to_start"") -> ""customer_0==running"") || <>((""scheduler_0==wait"" <-> ![]""scheduler_10==wait"") R ""scheduler_0==to_start"")))",1000.0,
71,"!(!([]""scheduler_9==wait"" <-> X ""customer_10==q_error"") R ([]""customer_0==running"" || (<>""scheduler_8==to_start"" U ""scheduler_12==started"") || !([]""scheduler_9==wait"" <-> X ""customer_10==q_error"")))",1000.0,
72,"!(!((""customer_9==q_error"" R (""customer_9==q_error"" || X (""customer_9==running"" -> ![]""customer_11==q_error""))) -> !(<>""customer_5==q_error"" R (""scheduler_11==to_start"" || <>""customer_5==q_error""))))",0.7701432580361143,True
73,"!([]<>(<>""scheduler_2==to_start"" R (X []""customer_8==q_error"" || (<>""customer_9==q_error"" U (""customer_0==running"" <-> ""customer_2==running"")) || <>""scheduler_2==to_start"")))",1000.0,
74,"!((""scheduler_8==started"" -> ""customer_4==running"") U [](""scheduler_8==wait"" || (""scheduler_8==started"" <-> ((""customer_6==running"" && !""scheduler_8==wait"") U ""customer_9==running""))))",1.7245202030753717,True
75,"!([]<>X ""customer_11==q_error"" R ([]<>((""scheduler_8==to_start"" || X ""scheduler_5==started"") R !X ""scheduler_11==to_start"") || []<>X ""customer_11==q_error""))",1.6120008929865435,False
76,"!([]<>!([]!(""scheduler_10==to_start"" <-> ""scheduler_10==wait"") <-> (""customer_11==q_error"" && (""scheduler_2==wait"" R (""scheduler_2==wait"" || []<>""scheduler_4==started"")))))",1.733948554028757,True
77,"!(<>[]!(""scheduler_0==started"" <-> (((""scheduler_0==to_start"" <-> (""customer_9==q_error"" <-> ""scheduler_4==to_start"")) U ((""scheduler_0==to_start"" <-> (""customer_9==q_error"" <-> ""scheduler_4==to_start"")) && <>!""customer_12==q_error"")) U ""customer_0==running"")))",1000.0,
78,"!(""customer_12==q_error"" R !(<>""scheduler_8==started"" <-> (""customer_1==q_error"" R (""customer_1==q_error"" || [](""scheduler_2==wait"" && (""scheduler_2==to_start"" -> (""customer_2==running"" && ""scheduler_5==to_start"")))))))",0.7516358538996428,False
79,"!(<>((<>""customer_6==q_error"" R (<>""customer_6==q_error"" || !(""customer_12==q_error"" <-> (""customer_12==running"" U (""customer_12==running"" && X ""scheduler_8==started""))))) U (X <>""scheduler_5==started"" && (<>""customer_6==q_error"" R (<>""customer_6==q_error"" || !(""customer_12==q_error"" <-> (""customer_12==running"" U (""customer_12==running"" && X ""scheduler_8==started""))))))))",3.4799222250003368,True
80,"!(!(X ""customer_4==q_error"" <-> <>X !(!""customer_3==q_error"" <-> []""scheduler_11==wait"")) U <>[]<>""scheduler_8==to_start"")",0.6745680780149996,False
81,"!(<>((!""scheduler_9==to_start"" && (X ""scheduler_1==started"" R <>""customer_12==q_error"")) <-> ((""customer_10==running"" <-> ""scheduler_11==to_start"") R (""scheduler_1==wait"" || (""customer_10==running"" <-> ""scheduler_11==to_start"")))))",7.092895136098377,False
82,"!(X ""scheduler_7==wait"" || X ""scheduler_6==started"" || <>([](""scheduler_2==to_start"" R (""customer_9==running"" || ""scheduler_2==to_start"")) R ((""customer_5==running"" U (""customer_5==running"" && ""customer_8==q_error"")) || [](""scheduler_2==to_start"" R (""customer_9==running"" || ""scheduler_2==to_start"")))))",1.5493930340744555,True
83,"!(X <>""customer_10==q_error"" <-> <>!((""customer_6==running"" R ""scheduler_8==started"") <-> (!(""customer_11==q_error"" <-> X ""customer_5==running"") R ""scheduler_4==started"")))",1.8023436469957232,False
84,"!(<>[](""scheduler_0==to_start"" -> !""scheduler_6==wait"") U [](!(""customer_8==running"" U (""customer_8==running"" && ""scheduler_11==to_start"")) U X ""customer_10==running""))",4.990238346974365,False
85,"!([]<>(X []""scheduler_4==started"" || X ([]""scheduler_12==started"" -> X (<>""customer_10==q_error"" U (""scheduler_4==wait"" && <>""customer_10==q_error"")))))",1.4455802569864318,False
86,"!([]<>((""scheduler_0==wait"" U ""customer_4==q_error"") R ((""customer_8==running"" || ""scheduler_6==wait"") U ((""customer_8==running"" || ""scheduler_6==wait"") && !(""scheduler_0==to_start"" <-> !""scheduler_12==to_start"")))))",2.7725121079711244,False
87,"!((""scheduler_4==to_start"" <-> (!X ""customer_4==q_error"" U []!""scheduler_8==to_start"")) -> [](""customer_8==q_error"" U ""scheduler_1==wait""))",1.7392915419768542,True
88,"!(<>[](X ((""scheduler_2==started"" R ([]""scheduler_6==wait"" U (""scheduler_9==to_start"" && []""scheduler_6==wait""))) R []""customer_4==running"") U (<>""customer_10==running"" && X ((""scheduler_2==started"" R ([]""scheduler_6==wait"" U (""scheduler_9==to_start"" && []""scheduler_6==wait""))) R []""customer_4==running""))))",1.5014657060382888,True
89,"!(!(X ""customer_12==q_error"" <-> (((<>""scheduler_12==started"" U (""customer_2==q_error"" && <>""scheduler_12==started"")) R (""customer_6==q_error"" || (<>""scheduler_12==started"" U (""customer_2==q_error"" && <>""scheduler_12==started"")))) R ((<>""scheduler_6==started"" <-> <>""scheduler_10==started"") || ((<>""scheduler_12==started"" U (""customer_2==q_error"" && <>""scheduler_12==started"")) R (""customer_6==q_error"" || (<>""scheduler_12==started"" U (""customer_2==q_error"" && <>""scheduler_12==started""))))))))",2.4107199979480356,False
90,"!((<>""customer_4==running"" && (!""customer_3==q_error"" U (!""customer_3==q_error"" && ""scheduler_11==wait""))) R (<>(""scheduler_7==to_start"" && ([]""customer_5==running"" U (""scheduler_2==wait"" && []""customer_5==running""))) || (<>""customer_4==running"" && (!""customer_3==q_error"" U (!""customer_3==q_error"" && ""scheduler_11==wait"")))))",3.3052351790247485,False
91,"!(<>(""scheduler_2==wait"" <-> []((""scheduler_3==wait"" U (<>X ""customer_2==running"" U (""customer_10==running"" && <>X ""customer_2==running""))) U ((""customer_7==q_error"" R (""customer_6==running"" || ""customer_7==q_error"")) && (""scheduler_3==wait"" U (<>X ""customer_2==running"" U (""customer_10==running"" && <>X ""customer_2==running"")))))))",6.4776552660623565,False
92,"!(<>([](!""customer_0==running"" -> (<>""scheduler_1==to_start"" R ""scheduler_0==to_start"")) R (!""customer_0==running"" || [](!""customer_0==running"" -> (<>""scheduler_1==to_start"" R ""scheduler_0==to_start"")))) R !""customer_12==running"")",1000.0,
93,"!([]((""scheduler_5==started"" R ""scheduler_9==wait"") <-> ((""scheduler_5==started"" <-> <>""customer_2==running"") R ((""customer_3==running"" <-> ""scheduler_1==wait"") U ""scheduler_6==to_start""))))",0.5883523179218173,True
94,"!((""scheduler_3==to_start"" && ""scheduler_7==to_start"") R (<>""scheduler_9==started"" <-> ((""customer_3==q_error"" <-> ""scheduler_3==to_start"") U (<>""scheduler_7==to_start"" U (""scheduler_7==started"" && <>""scheduler_7==to_start"")))))",0.7452830030815676,False
95,"!(((X ""customer_7==q_error"" R ""customer_5==running"") R <>X ""scheduler_7==to_start"") U []X (""scheduler_1==started"" U X ""scheduler_12==started""))",3.9339915619930252,True
96,"!(<>X (((<>X ""scheduler_2==wait"" R (""scheduler_1==to_start"" || <>X ""scheduler_2==wait"")) R ""scheduler_3==started"") U (""scheduler_3==started"" && ((<>X ""scheduler_2==wait"" R (""scheduler_1==to_start"" || <>X ""scheduler_2==wait"")) R ""scheduler_3==started""))) R <>""customer_0==q_error"")",1000.0,
97,"!(""customer_3==running"" R (<>[]((""scheduler_4==started"" || []""scheduler_11==started"") -> ""scheduler_3==to_start"") <-> (""scheduler_10==started"" || <>""customer_0==running"")))",1000.0,
98,"!(<>((""scheduler_1==started"" R []""scheduler_11==wait"") && (X ""scheduler_6==wait"" <-> []X X (""scheduler_8==to_start"" U (""scheduler_8==to_start"" && ""scheduler_10==started"")))))",2.676818597014062,True
99,"!(<>(X ""customer_6==q_error"" R (X ""customer_6==q_error"" || !(<>""scheduler_5==to_start"" <-> (([]""scheduler_10==started"" U (""customer_4==running"" && []""scheduler_10==started"")) R ((""customer_4==running"" R (""customer_4==running"" || ""scheduler_1==wait"")) || ([]""scheduler_10==started"" U (""customer_4==running"" && []""scheduler_10==started""))))))))",7.773596366983838,False
100,"!(<>!(""customer_11==q_error"" <-> ((""scheduler_5==started"" R [](""scheduler_1==started"" <-> !""scheduler_11==wait"")) U (""scheduler_1==wait"" && []""customer_10==running"" && (""scheduler_5==started"" R [](""scheduler_1==started"" <-> !""scheduler_11==wait""))))))",2.212370358989574,True
101,"!([]""customer_1==q_error"" R <>X (!""customer_3==q_error"" <-> (""scheduler_10==wait"" || (<>""customer_5==q_error"" U ""customer_8==q_error""))))",1.5360814139712602,False
102,"!((""scheduler_1==started"" && ![]<>""scheduler_9==to_start"") R (<>""customer_7==q_error"" || (<>""scheduler_1==started"" U (<>""scheduler_11==started"" && <>""scheduler_1==started""))))",5.983112682937644,False
103,"!(<>((X ""scheduler_4==started"" U (""scheduler_3==started"" && ""scheduler_11==started"")) R ((X ""scheduler_4==started"" U (""scheduler_3==started"" && ""scheduler_11==started"")) || X ((""customer_1==q_error"" R (""customer_1==q_error"" || ""scheduler_0==started"")) U X ""customer_10==running""))))",2.7410516430391,True
104,"!([]X <>[](""customer_0==running"" R !([]""scheduler_7==wait"" <-> (""scheduler_5==started"" U (""customer_5==q_error"" && ""scheduler_5==started"" && ""scheduler_6==started"")))))",1000.0,
105,"!(((""scheduler_7==wait"" U (""customer_0==q_error"" && ""scheduler_7==wait"")) U (<>""scheduler_6==wait"" U (""customer_12==running"" && <>""scheduler_6==wait""))) R ((!""customer_10==q_error"" U X <>""customer_7==q_error"") || ((""scheduler_7==wait"" U (""customer_0==q_error"" && ""scheduler_7==wait"")) U (<>""scheduler_6==wait"" U (""customer_12==running"" && <>""scheduler_6==wait"")))))",1000.0,
106,"!(!<>((""scheduler_4==started"" <-> <>""customer_4==q_error"") && ((""scheduler_9==started"" || (""scheduler_10==wait"" -> []""scheduler_5==wait"")) U (""customer_11==running"" && (""scheduler_9==started"" || (""scheduler_10==wait"" -> []""scheduler_5==wait""))))))",2.317040393012576,False
107,"!(X <>[](""scheduler_9==started"" <-> X X <>!(X []""scheduler_6==started"" R (X ""scheduler_11==to_start"" || X []""scheduler_6==started""))))",3.373030763003044,True
108,"!([](((<>""customer_1==q_error"" R <>""scheduler_12==wait"") U (!(""customer_6==q_error"" <-> ""scheduler_3==started"") && (<>""customer_1==q_error"" R <>""scheduler_12==wait""))) U (<>""scheduler_1==to_start"" R (""scheduler_7==started"" || <>""scheduler_1==to_start""))))",6.668932207976468,False
109,"!(X (""customer_7==q_error"" R X ""customer_5==running"") -> ([]<>(!""scheduler_2==wait"" R (!""scheduler_2==wait"" || X ""scheduler_4==started"")) -> ""customer_4==running""))",4.0489264990901574,False
110,"!([]((!""customer_2==q_error"" && <>[]X X !(""customer_11==running"" <-> ""scheduler_11==wait"")) U !(""scheduler_2==to_start"" <-> ""scheduler_7==wait"")))",1.2527153909904882,True
111,"!([](""customer_5==q_error"" || <>""scheduler_4==to_start"") -> [](X ![]""scheduler_11==wait"" <-> (true U ""scheduler_2==started"")))",2.550492105074227,False
112,"!(""customer_0==q_error"" || !(<>""customer_12==q_error"" <-> []!(<>""scheduler_6==wait"" <-> ((""scheduler_12==to_start"" R (""scheduler_7==wait"" || ""scheduler_12==to_start"")) U (X ""scheduler_4==started"" && (""scheduler_12==to_start"" R (""scheduler_7==wait"" || ""scheduler_12==to_start"")))))))",1000.0,
113,"!(!(""scheduler_7==started"" && ""scheduler_12==wait"") U (!(""scheduler_7==started"" && ""scheduler_12==wait"") && (""scheduler_2==to_start"" <-> (<>(""customer_0==running"" U (""customer_0==running"" && X ""customer_3==q_error"")) R (<>""scheduler_2==to_start"" || <>(""customer_0==running"" U (""customer_0==running"" && X ""customer_3==q_error"")))))))",1000.0,
114,"!(<>!""scheduler_10==wait"" && !((""customer_11==q_error"" U []<>""scheduler_5==to_start"") <-> ([]""scheduler_1==to_start"" R (<>""scheduler_7==to_start"" || []""scheduler_1==to_start""))))",3.383235798915848,True
115,"!(X [](""scheduler_10==to_start"" -> <>X ((""customer_3==q_error"" -> []""scheduler_8==wait"") U (""scheduler_1==wait"" U <>""customer_5==q_error""))))",0.7390408010687679,True
116,"!(!((!""scheduler_10==wait"" U !""scheduler_10==to_start"") <-> X (""scheduler_4==to_start"" R (""customer_10==q_error"" || ""scheduler_4==to_start""))) R ((<>""customer_0==q_error"" U (""scheduler_0==to_start"" && <>""customer_0==q_error"")) || !((!""scheduler_10==wait"" U !""scheduler_10==to_start"") <-> X (""scheduler_4==to_start"" R (""customer_10==q_error"" || ""scheduler_4==to_start"")))))",1000.0,
117,"!(<>((!""scheduler_3==started"" U []""scheduler_4==to_start"") R ""scheduler_1==wait"") <-> !(""scheduler_11==to_start"" U ""scheduler_12==to_start""))",3.038705653976649,True
118,"!(![]!(!X ""scheduler_3==wait"" <-> (""scheduler_7==started"" R (""scheduler_7==started"" || <>""customer_4==q_error""))) U ((""scheduler_12==started"" R <>""scheduler_8==started"") && ![]!(!X ""scheduler_3==wait"" <-> (""scheduler_7==started"" R (""scheduler_7==started"" || <>""customer_4==q_error"")))))",14.399455463979393,False
119,"!(!(X (""scheduler_4==to_start"" R X ""customer_12==running"") <-> <>(""customer_4==running"" U (""customer_4==running"" && ([](""scheduler_2==to_start"" -> ""scheduler_1==wait"") U (""customer_3==q_error"" && [](""scheduler_2==to_start"" -> ""scheduler_1==wait"")))))))",1.561141005018726,True
120,"!(!(<>!([](""scheduler_12==to_start"" <-> X ""customer_10==q_error"") -> ""customer_7==running"") <-> <>X []<>""scheduler_6==started""))",4.260123054962605,False
121,"!((<>""scheduler_11==to_start"" || X (""customer_9==q_error"" R (""customer_9==q_error"" || <>""scheduler_3==to_start""))) U (((""scheduler_12==wait"" R ""scheduler_0==wait"") R (<>""customer_4==q_error"" || (""scheduler_12==wait"" R ""scheduler_0==wait""))) && (<>""scheduler_11==to_start"" || X (""customer_9==q_error"" R (""customer_9==q_error"" || <>""scheduler_3==to_start"")))))",4.14639966096729,False
122,"!((<>""scheduler_6==wait"" U (""customer_11==q_error"" && <>""scheduler_6==wait"")) R (<>""scheduler_12==started"" U (""customer_4==q_error"" || (""scheduler_11==wait"" -> []<>""customer_11==q_error""))))",2.54498202202376,False
123,"!((""scheduler_11==wait"" -> <>""customer_9==q_error"") U (""customer_1==running"" <-> ((""customer_7==running"" -> X ""scheduler_3==started"") U []!""customer_0==q_error"")))",1000.0,
124,"!(((""scheduler_3==started"" U ""scheduler_6==to_start"") -> ""scheduler_0==started"") <-> <>X !([]""scheduler_0==started"" <-> <>!<>""scheduler_11==started""))",2.5268998459214345,True
125,"!(X ""scheduler_2==started"" U [](<>(""customer_10==q_error"" U (""customer_6==q_error"" <-> ""scheduler_11==wait"")) U X ""scheduler_1==started""))",1.5216098739765584,False
126,"!(<>(<>""scheduler_2==started"" R ((""scheduler_0==wait"" -> (""scheduler_12==to_start"" U ""scheduler_0==to_start"")) && (""customer_10==q_error"" U !""scheduler_4==wait""))))",1.5345276499865577,False
127,"!(<>(""customer_12==running"" && ""scheduler_12==to_start"") <-> []<>(""scheduler_11==to_start"" || []<>(""scheduler_6==to_start"" U (""scheduler_4==wait"" && ""scheduler_6==to_start""))))",1.7114447109634057,True
128,"!(([]X ""customer_7==q_error"" <-> (""customer_1==running"" R ""customer_3==running"")) R (<>""customer_7==q_error"" || ([]X ""customer_7==q_error"" <-> (""customer_1==running"" R ""customer_3==running""))))",3.398161082994193,False
129,"!(X (<>""customer_8==q_error"" U (""scheduler_4==wait"" && <>""customer_8==q_error"")) U !(""customer_9==q_error"" <-> []([]""customer_0==running"" U []""scheduler_2==started"")))",1000.0,
130,"!(<>(X ""customer_4==running"" -> ""scheduler_9==wait"") R (<>(X ""customer_4==running"" -> ""scheduler_9==wait"") || <>(X ""customer_11==q_error"" U ([]<>""customer_10==q_error"" && X ""customer_11==q_error""))))",1.4428032060386613,False
131,"!(<>""customer_4==q_error"" R (<>""customer_4==q_error"" || (X (""customer_5==running"" <-> (""scheduler_8==started"" && ""scheduler_9==started"")) U (((""scheduler_4==to_start"" || ""scheduler_5==started"") R ""scheduler_0==to_start"") && X (""customer_5==running"" <-> (""scheduler_8==started"" && ""scheduler_9==started""))))))",0.7458274279488251,True
132,"!(<>(!X ""scheduler_12==wait"" U ((""scheduler_5==wait"" && []""scheduler_3==wait"") R ((<>""scheduler_9==started"" U ""scheduler_12==to_start"") || (""scheduler_5==wait"" && []""scheduler_3==wait"")))))",3.622874025022611,False
133,"!(!([]""scheduler_6==wait"" <-> X (<>""scheduler_6==to_start"" R (""customer_3==q_error"" || <>""scheduler_6==to_start""))) R ((<>!<>""scheduler_2==started"" U (""customer_12==running"" && <>!<>""scheduler_2==started"")) || !([]""scheduler_6==wait"" <-> X (<>""scheduler_6==to_start"" R (""customer_3==q_error"" || <>""scheduler_6==to_start"")))))",14.606969667947851,False
134,"!([](!(""scheduler_11==started"" R ""scheduler_1==to_start"") && X <>[]""customer_12==running""))",1.46046871796716,True
135,"!(""customer_4==running"" <-> (<>""customer_6==q_error"" U [](<>""customer_9==running"" -> (X ""scheduler_0==wait"" <-> <>""scheduler_11==to_start""))))",12.984114003949799,False
136,"!((""scheduler_1==to_start"" R (""scheduler_1==to_start"" || ""scheduler_6==started"")) || (<>X (""customer_8==q_error"" R (""customer_8==q_error"" || X ""customer_6==running"")) U (""scheduler_11==wait"" R (""scheduler_11==wait"" || <>""scheduler_11==to_start""))))",3.429067924967967,False
137,"!([]!((X ""scheduler_6==started"" R []""scheduler_3==wait"") <-> (""customer_12==q_error"" <-> X []([]""scheduler_5==wait"" U ""scheduler_7==wait""))))",1.5647807450732216,False
138,"!([](!(""scheduler_4==to_start"" U ""scheduler_8==wait"") || (<>X (""scheduler_10==wait"" <-> <>[]""scheduler_7==to_start"") U (""customer_2==running"" && <>X (""scheduler_10==wait"" <-> <>[]""scheduler_7==to_start"")))))",3.9965104699367657,False
139,"!(!([]!(""scheduler_11==wait"" && X ""scheduler_4==wait"") <-> <>[](""customer_2==q_error"" R []""customer_7==running"")))",3.487624266068451,True
140,"!((<>""customer_10==q_error"" U (X ""customer_2==running"" && <>""customer_10==q_error"")) || !(<>[]""scheduler_5==wait"" <-> (!""scheduler_3==started"" || []""scheduler_4==started"")))",3.025433763046749,False
141,"!([]<>[](!([]""scheduler_6==wait"" <-> []""customer_0==running"") U (!(!""scheduler_8==wait"" <-> X ""scheduler_5==wait"") && !([]""scheduler_6==wait"" <-> []""customer_0==running""))))",1000.0,
142,"!((""scheduler_1==wait"" R (""customer_3==running"" || ""scheduler_1==wait"")) R <>((""customer_1==q_error"" || (false R ""scheduler_3==to_start"")) R (""customer_1==q_error"" || (""scheduler_5==to_start"" <-> X ""customer_9==running"") || (false R ""scheduler_3==to_start""))))",1.704417344997637,True
143,"!((""customer_7==q_error"" <-> (""scheduler_8==wait"" -> (""customer_2==q_error"" <-> ""customer_5==running""))) R ((""customer_7==q_error"" <-> (""scheduler_8==wait"" -> (""customer_2==q_error"" <-> ""customer_5==running""))) || (!""customer_5==q_error"" <-> <>[]""customer_8==running"")))",1.9419538039946929,True
144,"!([]<>(<>""scheduler_12==started"" <-> ([]""scheduler_10==wait"" <-> (<>""scheduler_7==to_start"" R (<>!<>""scheduler_1==to_start"" || <>""scheduler_7==to_start"")))))",12.702858909033239,True
145,"!(X ((<>[]""customer_0==running"" U ((X ""customer_5==q_error"" <-> []""scheduler_12==started"") && <>[]""customer_0==running"")) R ([]<>!""scheduler_6==wait"" || (<>[]""customer_0==running"" U ((X ""customer_5==q_error"" <-> []""scheduler_12==started"") && <>[]""customer_0==running"")))))",1000.0,
146,"!([]!([]X <>X ""scheduler_12==to_start"" <-> !((""customer_2==q_error"" <-> ""customer_11==q_error"") <-> X ""customer_5==q_error"")))",1.7289835589472204,True
147,"!(X ""scheduler_7==wait"" R (X ""scheduler_7==wait"" || <>(<>(""scheduler_7==to_start"" <-> X (""customer_9==q_error"" && ""customer_12==q_error"")) U (<>[]""scheduler_5==started"" && <>(""scheduler_7==to_start"" <-> X (""customer_9==q_error"" && ""customer_12==q_error""))))))",7.551513795973733,True
148,"!(<>(!(""scheduler_4==to_start"" <-> (""customer_2==running"" || ""customer_7==running"")) R <>!X (""customer_7==running"" U (""customer_7==running"" && []!""customer_3==q_error""))))",0.6670755640370771,False
149,"!(!(""scheduler_11==wait"" <-> ![]<>[]<>(<>""scheduler_11==wait"" U (""scheduler_9==to_start"" U (!""scheduler_2==to_start"" && ""scheduler_9==to_start"")))))",1.7178574420977384,True
150,"!([](<>(""scheduler_10==wait"" -> X ""scheduler_9==wait"") U (X ""customer_2==q_error"" R ((""scheduler_12==to_start"" -> ""scheduler_9==started"") || X ""customer_2==q_error""))))",8.248581993975677,True
151,"!(((X ""customer_5==q_error"" U (""customer_0==q_error"" && X ""customer_5==q_error"")) -> (""customer_5==q_error"" <-> ""scheduler_8==started"")) U ((""customer_11==q_error"" && ""scheduler_10==started"") R ((""customer_11==q_error"" && ""scheduler_10==started"") || <>""customer_9==q_error"")))",1000.0,
152,"!([]""customer_8==running"" <-> []((""customer_0==running"" -> !""customer_0==q_error"") R ((""customer_0==running"" -> !""customer_0==q_error"") || (""customer_12==running"" <-> <>(""scheduler_7==started"" U (""customer_4==q_error"" && ""scheduler_7==started""))))))",1000.0,
153,"!([]X (<>""customer_0==running"" R (<>""customer_0==running"" || (X ""scheduler_1==started"" U (X ""scheduler_1==started"" && !([]<>""scheduler_9==started"" <-> <>!""scheduler_8==started""))))))",1000.0,
154,"!(!(<>""customer_8==q_error"" <-> !([](""customer_6==q_error"" && <>""scheduler_3==to_start"") <-> (<>""customer_0==q_error"" U X !""scheduler_3==to_start""))))",1000.0,
155,"!(<>(((""customer_0==q_error"" && ""scheduler_5==to_start"") R ""scheduler_1==wait"") R (<>""customer_6==q_error"" || (""scheduler_10==wait"" <-> (""scheduler_2==wait"" U ""scheduler_9==started"")) || ((""customer_0==q_error"" && ""scheduler_5==to_start"") R ""scheduler_1==wait""))))",1000.0,
156,"!(!((""customer_5==running"" R ""scheduler_9==to_start"") <-> (""customer_5==running"" <-> []X <>(""scheduler_9==to_start"" U (""customer_3==running"" <-> X ""customer_6==q_error"")))))",2.0440166720654815,True
157,"!((""scheduler_11==wait"" <-> (""customer_2==q_error"" R (""customer_2==q_error"" || !""scheduler_6==wait""))) R (![](X ""scheduler_7==wait"" R (![]""scheduler_9==wait"" || X ""scheduler_7==wait"")) || (""scheduler_11==wait"" <-> (""customer_2==q_error"" R (""customer_2==q_error"" || !""scheduler_6==wait"")))))",2.3369645399507135,False
158,"!(!([]!""scheduler_12==wait"" && []X (!([]""customer_8==running"" <-> []<>""scheduler_0==to_start"") U (""scheduler_5==started"" && !([]""customer_8==running"" <-> []<>""scheduler_0==to_start"")))))",4.854649099987,False
159,"!(<>!(""scheduler_5==to_start"" -> ((""scheduler_9==started"" U (""scheduler_9==started"" && (X ""scheduler_4==started"" -> ""customer_12==running""))) U !<>""customer_9==q_error"")))",0.7428212389349937,True
160,"!((X []""scheduler_1==wait"" <-> ([]""customer_11==q_error"" U []!""customer_1==q_error"")) R (<>""customer_7==q_error"" || (X []""scheduler_1==wait"" <-> ([]""customer_11==q_error"" U []!""customer_1==q_error""))))",3.308584631071426,True
161,"!(!(X ""customer_5==q_error"" <-> <>""scheduler_5==wait"") R (((""customer_12==running"" || <>""customer_0==running"") U <>""customer_3==q_error"") || !(X ""customer_5==q_error"" <-> <>""scheduler_5==wait"")))",1000.0,
162,"!([]((""customer_2==q_error"" && ""scheduler_10==wait"") <-> (!""scheduler_8==started"" R (""customer_6==q_error"" R ""scheduler_11==wait""))) U ((""customer_12==q_error"" R ""customer_7==q_error"") && []((""customer_2==q_error"" && ""scheduler_10==wait"") <-> (!""scheduler_8==started"" R (""customer_6==q_error"" R ""scheduler_11==wait"")))))",0.8040521050570533,True
163,"!([]<>(!""scheduler_12==to_start"" <-> <>!([]""scheduler_10==wait"" <-> <>(""customer_7==q_error"" R (""customer_7==q_error"" || ""scheduler_11==wait"")))))",13.921669038943946,False
164,"!(""scheduler_2==to_start"" || !(""scheduler_4==to_start"" <-> !((""scheduler_12==to_start"" U (""scheduler_12==to_start"" && (X ""scheduler_1==started"" R (""scheduler_9==to_start"" || X ""scheduler_1==started"")))) R []<>""scheduler_9==started"")))",1.7279010609490797,True
165,"!(X X (X ""scheduler_4==to_start"" && <>""scheduler_7==to_start"") <-> [](""customer_2==q_error"" R (""scheduler_5==to_start"" R <>""scheduler_9==started"")))",1.7286095180315897,True
166,"!(((""scheduler_12==wait"" U (""scheduler_6==to_start"" U (""customer_8==running"" && ""scheduler_6==to_start""))) U ([]""scheduler_11==to_start"" && (""scheduler_12==wait"" U (""scheduler_6==to_start"" U (""customer_8==running"" && ""scheduler_6==to_start""))))) R ((<>""scheduler_2==to_start"" U X ""customer_0==q_error"") || ((""scheduler_12==wait"" U (""scheduler_6==to_start"" U (""customer_8==running"" && ""scheduler_6==to_start""))) U ([]""scheduler_11==to_start"" && (""scheduler_12==wait"" U (""scheduler_6==to_start"" U (""customer_8==running"" && ""scheduler_6==to_start"")))))))",1000.0,
167,"!([]((<>""scheduler_3==started"" -> !""customer_9==q_error"") <-> ((""customer_8==running"" R (""customer_8==running"" || <>""scheduler_0==to_start"")) U (""customer_0==q_error"" U ""customer_3==q_error""))))",1000.0,
168,"!([](!(<>""customer_1==running"" <-> ((""scheduler_8==wait"" <-> ""scheduler_12==to_start"") && []![]""scheduler_0==wait"")) R (X ""customer_0==running"" || !(<>""customer_1==running"" <-> ((""scheduler_8==wait"" <-> ""scheduler_12==to_start"") && []![]""scheduler_0==wait"")))))",1000.0,
169,"!(((""customer_6==q_error"" -> ""customer_0==q_error"") U []""customer_10==q_error"") <-> <>(""customer_7==running"" && (!""customer_5==running"" R (!""customer_5==running"" || ""customer_9==running""))))",1000.0,
170,"!(([]!""scheduler_10==wait"" <-> (""customer_5==q_error"" R (""customer_5==q_error"" || !""scheduler_7==started""))) R ((X <>""customer_1==q_error"" U (!""customer_8==running"" && X <>""customer_1==q_error"")) || ([]!""scheduler_10==wait"" <-> (""customer_5==q_error"" R (""customer_5==q_error"" || !""scheduler_7==started"")))))",3.356616221019067,False
171,"!(((X ""customer_0==running"" && (""customer_10==q_error"" <-> X ""scheduler_3==to_start"")) R (!""customer_0==running"" || (X ""customer_0==running"" && (""customer_10==q_error"" <-> X ""scheduler_3==to_start"")))) R (<>(""customer_12==q_error"" R ""customer_1==running"") || ((X ""customer_0==running"" && (""customer_10==q_error"" <-> X ""scheduler_3==to_start"")) R (!""customer_0==running"" || (X ""customer_0==running"" && (""customer_10==q_error"" <-> X ""scheduler_3==to_start""))))))",1000.0,
172,"!((""scheduler_4==to_start"" R []""customer_4==q_error"") <-> []((""customer_12==q_error"" <-> []""scheduler_3==started"") U (""customer_0==running"" && (""customer_12==q_error"" <-> []""scheduler_3==started""))))",1000.0,
173,"!(""customer_4==q_error"" R (""customer_4==q_error"" || [](<>""scheduler_0==started"" U ((""customer_10==q_error"" R (""customer_10==q_error"" || ""scheduler_4==wait"")) U ((""customer_3==running"" U (""customer_3==running"" && ""scheduler_1==wait"")) && (""customer_10==q_error"" R (""customer_10==q_error"" || ""scheduler_4==wait"")))))))",2.2020580579992384,True
174,"!(<>(""customer_10==q_error"" <-> <>!(((X ""customer_6==running"" -> ""scheduler_12==to_start"") R ""scheduler_7==to_start"") <-> (""customer_10==running"" U !""customer_6==running""))))",1.8417913879966363,True
175,"!(X ""customer_2==running"" R ((X (""scheduler_10==started"" || []""scheduler_9==started"") R <>(""scheduler_12==to_start"" U (""scheduler_5==to_start"" && ""scheduler_12==to_start""))) U ""scheduler_4==wait""))",7.0583340069279075,True
176,"!(!(""scheduler_3==to_start"" <-> <>(""customer_10==q_error"" R (""customer_10==q_error"" || ((""scheduler_0==to_start"" <-> ""scheduler_4==started"") && []X (!""scheduler_2==to_start"" || ""scheduler_11==to_start""))))))",1.7066305859480053,True
177,"!([]<>""scheduler_4==started"" <-> ((""scheduler_11==started"" || (""customer_2==running"" <-> []""scheduler_11==wait"")) R (""scheduler_8==started"" || ""scheduler_11==started"" || <>""customer_0==q_error"" || (""customer_2==running"" <-> []""scheduler_11==wait""))))",1000.0,
178,"!(X <>""customer_8==running"" R (""customer_9==running"" -> (<>""customer_11==q_error"" U ((""customer_3==running"" || ""customer_8==q_error"" || []""scheduler_1==wait"") && <>""customer_11==q_error""))))",7.285084339091554,False
179,"!(<>[](""customer_7==running"" U !""scheduler_11==to_start"") U (""scheduler_5==to_start"" <-> [](<>""scheduler_5==to_start"" U (""scheduler_11==to_start"" && <>""scheduler_5==to_start""))))",7.322232448961586,False
180,"!([]<>(X []""customer_8==q_error"" <-> (""scheduler_3==started"" || <>""scheduler_8==wait"" || !(""customer_7==q_error"" R (""customer_0==running"" || ""customer_7==q_error"")))))",1000.0,
181,"!(<>!(!(<>(""customer_12==q_error"" <-> ""scheduler_0==wait"") <-> (""scheduler_12==wait"" R (""scheduler_12==wait"" || <>""scheduler_4==wait""))) -> (""scheduler_6==to_start"" -> ""customer_1==q_error"")))",1.3303245709976181,True
182,"!((X ""scheduler_2==started"" U (""customer_9==running"" R ""customer_3==q_error"")) <-> [](""scheduler_4==wait"" U (""scheduler_9==wait"" R !""scheduler_7==to_start"")))",5.724968836992048,False
183,"!(<>(!""scheduler_10==wait"" <-> ((""customer_5==q_error"" R <>X []""scheduler_11==wait"") R (""scheduler_5==wait"" R (""scheduler_5==wait"" || <>""customer_4==q_error"")))))",7.552556119975634,False
184,"!((""customer_4==running"" && ""customer_11==q_error"") U (<>""scheduler_2==wait"" || <>[]!(<>""scheduler_7==to_start"" <-> X X ""scheduler_9==to_start"")))",0.677144294953905,False
185,"!(![]<>((""scheduler_9==started"" <-> ""scheduler_11==started"") <-> ((""customer_4==running"" R !""customer_6==q_error"") -> <>!""customer_10==q_error"")))",0.8340129350544885,True
186,"!([]((""scheduler_3==to_start"" R (""customer_2==running"" || ""scheduler_3==to_start"")) -> !((<>""customer_2==q_error"" U (""scheduler_3==wait"" && <>""customer_2==q_error"")) <-> ([]""customer_9==q_error"" R (<>""scheduler_2==to_start"" || []""customer_9==q_error"")))))",2.9156639490975067,False
187,"!([]([]""customer_10==q_error"" <-> ([]X <>""scheduler_11==to_start"" && ((""scheduler_10==started"" -> ""scheduler_6==to_start"") R X ""customer_8==q_error""))))",2.7375780650181696,False
188,"!(X ([]((""customer_9==q_error"" R (""customer_9==q_error"" || ""scheduler_11==to_start"")) U <>""scheduler_6==started"") U (""scheduler_4==to_start"" U (""scheduler_4==to_start"" && (""scheduler_5==wait"" <-> <>""customer_12==q_error"")))))",2.240838563069701,False
189,"!(<>X []((""scheduler_3==started"" && ""scheduler_10==to_start"") || ([]""scheduler_7==started"" U ([]""scheduler_7==started"" && (<>""customer_10==q_error"" R (""customer_7==q_error"" || <>""customer_10==q_error""))))))",0.8172166220610961,True
190,"!((<>""customer_5==q_error"" U (X ""customer_0==running"" && <>""customer_5==q_error"")) R (((""customer_4==q_error"" || ""scheduler_12==to_start"") -> X !(""customer_5==running"" R (""customer_5==running"" || ""scheduler_0==wait""))) || (<>""customer_5==q_error"" U (X ""customer_0==running"" && <>""customer_5==q_error""))))",1000.0,
191,"!(!(""customer_0==q_error"" <-> []!([]""scheduler_4==to_start"" <-> <>""customer_9==running"")) R ((<>""scheduler_8==wait"" U ([]""customer_8==running"" && <>""scheduler_8==wait"")) || !(""customer_0==q_error"" <-> []!([]""scheduler_4==to_start"" <-> <>""customer_9==running""))))",1000.0,
192,"!(!(""scheduler_10==started"" <-> X ""scheduler_7==wait"") <-> [](!(""scheduler_10==to_start"" R (""customer_7==q_error"" && []""customer_0==q_error"")) U (""scheduler_7==started"" && !(""scheduler_10==to_start"" R (""customer_7==q_error"" && []""customer_0==q_error"")))))",1000.0,
193,"!((""scheduler_9==wait"" R X ""scheduler_2==wait"") R (<>(""scheduler_7==wait"" R (""scheduler_2==to_start"" || ""scheduler_7==wait"")) R (<>(""scheduler_9==started"" && X ""scheduler_7==started"") || <>(""scheduler_7==wait"" R (""scheduler_2==to_start"" || ""scheduler_7==wait"")))))",2.6159126081038266,False
194,"!(([]""customer_5==q_error"" -> X ""customer_7==q_error"") U X []!((""customer_7==q_error"" -> ""scheduler_12==started"") <-> <>""customer_12==running""))",2.030414563952945,True
195,"!(((""customer_0==q_error"" -> ""customer_12==running"") -> (""scheduler_9==wait"" -> ""customer_8==running"")) R ![](<>""customer_5==q_error"" <-> X ""customer_5==running""))",1000.0,
196,"!(<>[]!(""scheduler_2==wait"" <-> ((""scheduler_7==to_start"" R (""scheduler_0==wait"" || ""scheduler_7==to_start"" || ""scheduler_7==wait"")) U (X <>""scheduler_4==wait"" U ""scheduler_4==started""))))",2.9476471709785983,True
197,"!([]!(<>""scheduler_9==started"" <-> []!(<>""scheduler_12==started"" <-> X (<>""scheduler_3==started"" && X ""scheduler_7==to_start""))))",10.284951495938003,False
198,"!(((""scheduler_6==to_start"" R (""scheduler_6==to_start"" || ""scheduler_10==to_start"")) R (""customer_0==running"" R ""scheduler_6==wait"")) R <>!(""scheduler_3==to_start"" <-> [](""customer_6==q_error"" || ""scheduler_7==wait"")))",1000.0,
199,"!(X (<>X [](""scheduler_1==wait"" || ""scheduler_3==wait"") || (<>!(""scheduler_9==wait"" <-> <>""scheduler_8==to_start"") -> ""customer_10==q_error"")))",1.6378140180604532,False
200,"!(<>(""scheduler_10==started"" R (<>""customer_0==q_error"" U (<>""scheduler_3==to_start"" && <>""customer_0==q_error""))) U (((""customer_8==running"" <-> X ""customer_12==running"") U (""customer_1==q_error"" && (""customer_8==running"" <-> X ""customer_12==running""))) && <>(""scheduler_10==started"" R (<>""customer_0==q_error"" U (<>""scheduler_3==to_start"" && <>""customer_0==q_error"")))))",1000.0,
201,"!(<>((<>""customer_3==q_error"" R ""customer_4==q_error"") R ((<>""customer_3==q_error"" R ""customer_4==q_error"") || ((""customer_9==q_error"" R (""customer_9==q_error"" || (""customer_11==q_error"" && ""scheduler_9==wait""))) U ((""scheduler_5==started"" <-> ""scheduler_12==started"") && (""customer_9==q_error"" R (""customer_9==q_error"" || (""customer_11==q_error"" && ""scheduler_9==wait""))))))))",0.7716213499661535,True
202,"!(([]""customer_7==q_error"" -> !""scheduler_9==started"") U (([]""customer_7==q_error"" -> !""scheduler_9==started"") && !(""scheduler_10==to_start"" <-> X (""scheduler_5==started"" R <>X <>""customer_4==q_error""))))",3.888978981995024,False
203,"!([](!(<>""customer_7==q_error"" <-> !<>""scheduler_9==wait"") -> (""customer_0==running"" || (<>[]""customer_11==running"" U ""scheduler_8==started""))))",1000.0,
204,"!(<>""customer_0==running"" <-> <>([]!X ""scheduler_0==started"" R X ""scheduler_11==started""))",1000.0,
205,"!([]<>!(X !""scheduler_3==started"" <-> !(""scheduler_12==started"" <-> (!""scheduler_0==started"" && <>(""customer_0==q_error"" && ""scheduler_8==wait"")))))",1000.0,
206,"!(!((<>""customer_10==q_error"" || []<>""scheduler_11==to_start"") <-> []X X X !(""customer_6==running"" <-> ""customer_8==running"")))",1.431904261931777,False
207,"!(X (X X !(""customer_8==running"" <-> ""scheduler_8==started"") R (<>(([]""customer_11==q_error"" U ""scheduler_0==started"") U ([]""scheduler_12==wait"" && ([]""customer_11==q_error"" U ""scheduler_0==started""))) || X X !(""customer_8==running"" <-> ""scheduler_8==started""))))",7.252085458021611,True
208,"!(<>""customer_8==running"" || <>([]<>""scheduler_12==started"" <-> <>[]((""customer_4==running"" <-> ""customer_8==q_error"") -> ""scheduler_9==to_start"")))",0.7153323219390586,False
209,"!(X !(![]X <>""customer_8==q_error"" R ([]""scheduler_5==to_start"" <-> (""customer_2==running"" R (""customer_2==running"" || <>""scheduler_8==to_start"")))))",1.4903036080067977,False
210,"!(([]<>""customer_11==q_error"" U (""scheduler_5==started"" && []<>""customer_11==q_error"")) R []<>!(""scheduler_5==to_start"" <-> (<>""customer_0==q_error"" U ([]""scheduler_6==to_start"" && <>""customer_0==q_error""))))",1000.0,
211,"!(""customer_9==running"" || ((<>""customer_12==running"" R ""scheduler_2==to_start"") <-> []((""scheduler_0==wait"" || <>""scheduler_11==wait"") U (""scheduler_3==started"" && (""scheduler_0==wait"" || <>""scheduler_11==wait"")))))",1.8108673179522157,True
212,"!(((""customer_10==running"" U ""scheduler_12==started"") U (""customer_1==running"" && (""customer_10==running"" U ""scheduler_12==started""))) R (X ([]""scheduler_1==wait"" U (""scheduler_12==wait"" -> ""scheduler_2==wait"")) || ((""customer_10==running"" U ""scheduler_12==started"") U (""customer_1==running"" && (""customer_10==running"" U ""scheduler_12==started"")))))",3.183128252043389,False
213,"!((""scheduler_3==wait"" R <>""scheduler_0==started"") || (<>!X ""scheduler_11==started"" U (<>!X ""scheduler_11==started"" && []!(""customer_2==q_error"" <-> ""customer_2==running""))))",2.9485691539011896,False
214,"!(!(""customer_3==q_error"" R (""customer_3==q_error"" || ""scheduler_9==started"")) U X ((""scheduler_7==wait"" U ""scheduler_6==to_start"") && (""customer_12==q_error"" R (""customer_12==q_error"" || []<>""customer_10==q_error""))))",3.5425936890533194,True
215,"!(<>!X <>""customer_11==q_error"" <-> (""customer_5==running"" R X []!(""scheduler_6==started"" <-> X !""customer_11==q_error"")))",2.322001823107712,True
216,"!(X (""scheduler_10==started"" U <>(""scheduler_5==wait"" && ""scheduler_10==started"")) R (<>!(X []""scheduler_4==to_start"" -> ""customer_3==running"") || X (""scheduler_10==started"" U <>(""scheduler_5==wait"" && ""scheduler_10==started""))))",0.664978569955565,False
217,"!(!(((<>X (<>X ""scheduler_10==started"" -> ""customer_7==q_error"") R (<>""customer_7==running"" || <>X (<>X ""scheduler_10==started"" -> ""customer_7==q_error""))) -> ""scheduler_11==started"") R (""scheduler_1==wait"" || ((<>X (<>X ""scheduler_10==started"" -> ""customer_7==q_error"") R (<>""customer_7==running"" || <>X (<>X ""scheduler_10==started"" -> ""customer_7==q_error""))) -> ""scheduler_11==started""))))",2.511035248055123,False
218,"!(X <>!(""scheduler_10==wait"" R (""scheduler_9==to_start"" || ""scheduler_10==wait"" || (""scheduler_9==started"" <-> (<>""customer_12==running"" U []""scheduler_10==wait"")))))",3.7886767230229452,False
219,"!(<>((!""scheduler_11==to_start"" U ""customer_3==running"") && (""customer_10==running"" U (<>""scheduler_8==to_start"" R (X <>X ""customer_11==q_error"" || <>""scheduler_8==to_start"")))))",0.6763007820118219,False
220,"!(!(!(""customer_5==running"" <-> ""scheduler_12==to_start"") <-> (<>[]""customer_2==running"" R (<>[]""customer_2==running"" || ((""scheduler_7==started"" -> []""customer_9==running"") R (""scheduler_12==started"" || (""scheduler_7==started"" -> []""customer_9==running"")))))))",1.5661907580215484,True
221,"!(X X ""scheduler_11==to_start"" U []<>((""scheduler_12==started"" R (""customer_1==running"" || ""scheduler_12==started"")) <-> !([]""scheduler_1==to_start"" <-> <>""customer_10==q_error"")))",4.6129874479956925,False
222,"!(""customer_4==q_error"" R !([]<>""customer_10==running"" <-> <>(""scheduler_12==started"" U (""scheduler_11==to_start"" && ""scheduler_12==started"" && (<>""scheduler_8==to_start"" R (""scheduler_7==started"" || <>""scheduler_8==to_start""))))))",1.9795001309830695,False
223,"!(<>(!(""customer_6==q_error"" <-> []((""scheduler_5==wait"" <-> ""scheduler_11==wait"") U (""scheduler_9==wait"" R []""customer_3==q_error""))) U (""scheduler_3==to_start"" && !(""customer_6==q_error"" <-> []((""scheduler_5==wait"" <-> ""scheduler_11==wait"") U (""scheduler_9==wait"" R []""customer_3==q_error""))))))",0.8790919299935922,True
224,"!(![](X []<>(""scheduler_9==wait"" -> !""scheduler_2==started"") -> ([]<>""customer_9==running"" U ""customer_9==q_error"")))",3.4520224859006703,False
225,"!([]X X (<>X <>""customer_6==q_error"" R (<>""customer_11==q_error"" || (!""scheduler_12==started"" U ""scheduler_4==wait"") || <>X <>""customer_6==q_error"")))",2.336331908009015,False
226,"!(((!""scheduler_8==wait"" R !(""customer_0==running"" <-> ""scheduler_2==started"")) R !(""customer_12==q_error"" <-> X <>[]""customer_9==running"")) R (""customer_8==running"" || ((!""scheduler_8==wait"" R !(""customer_0==running"" <-> ""scheduler_2==started"")) R !(""customer_12==q_error"" <-> X <>[]""customer_9==running""))))",1000.0,
227,"!(X (X ""scheduler_5==started"" && (X <>""customer_10==q_error"" R (X <>""customer_10==q_error"" || !(""customer_6==running"" <-> <>""customer_5==q_error"")))) R <>""customer_3==running"")",8.346283916034736,False
228,"!(!(""scheduler_10==wait"" R (""scheduler_10==wait"" || X ""scheduler_6==started"")) R (""scheduler_8==wait"" || ""scheduler_11==wait"" || !(""scheduler_9==wait"" <-> <>[]""scheduler_11==wait"") || !(""scheduler_10==wait"" R (""scheduler_10==wait"" || X ""scheduler_6==started""))))",3.4360604969551787,False
229,"!(X <>""customer_3==running"" <-> <>((""scheduler_10==to_start"" || <>""scheduler_6==wait"") R X (<>""customer_2==q_error"" R ""scheduler_5==to_start"")))",2.3886396980378777,True
230,"!(![]X ((""scheduler_0==started"" <-> []!""scheduler_12==started"") U (""scheduler_12==wait"" || []""scheduler_1==to_start"")))",1.7396613520104438,False
231,"!(!([]""scheduler_0==to_start"" <-> X ""customer_12==q_error"") R (!(!<>(""customer_6==q_error"" U <>""customer_9==q_error"") R ""scheduler_8==started"") || !([]""scheduler_0==to_start"" <-> X ""customer_12==q_error"")))",1.6473806649446487,True
232,"!(<>[](([](""scheduler_7==started"" R (""scheduler_2==wait"" || ""scheduler_7==started"")) -> <>(""customer_3==q_error"" U (""customer_3==q_error"" && ""scheduler_8==started""))) U X ""scheduler_7==to_start""))",3.0522870790446177,False
233,"!(X (""customer_5==running"" R (""customer_5==running"" || (<>""scheduler_12==wait"" U (<>""scheduler_12==wait"" && X !(""scheduler_12==started"" <-> (!(""scheduler_2==wait"" <-> X ""customer_2==running"") U ""customer_1==q_error"")))))))",6.378044217010029,False
234,"!(<>(X ""customer_11==q_error"" <-> <>""scheduler_1==to_start"") <-> <>((""scheduler_4==started"" U (""scheduler_4==started"" && ""scheduler_8==to_start"")) R X ""scheduler_3==to_start""))",5.377368511050008,False
235,"!(X ([]""scheduler_10==wait"" <-> ([]<>(""scheduler_7==to_start"" R ""scheduler_8==wait"") R ([]<>(""scheduler_7==to_start"" R ""scheduler_8==wait"") || !(!""customer_3==q_error"" <-> X ""customer_4==running"")))))",3.3469457689207047,True
236,"!(""customer_2==q_error"" <-> ([]X <>""customer_3==running"" R X (([]""scheduler_6==started"" U <>""scheduler_6==to_start"") U ""customer_3==q_error"")))",4.255549170076847,False
237,"!(((<>""scheduler_9==started"" && (<>""customer_12==q_error"" U (""scheduler_11==started"" && <>""customer_12==q_error""))) U ((""scheduler_8==to_start"" <-> X ""scheduler_2==to_start"") && <>""scheduler_9==started"" && (<>""customer_12==q_error"" U (""scheduler_11==started"" && <>""customer_12==q_error"")))) R (<>""customer_6==running"" || ((<>""scheduler_9==started"" && (<>""customer_12==q_error"" U (""scheduler_11==started"" && <>""customer_12==q_error""))) U ((""scheduler_8==to_start"" <-> X ""scheduler_2==to_start"") && <>""scheduler_9==started"" && (<>""customer_12==q_error"" U (""scheduler_11==started"" && <>""customer_12==q_error""))))))",6.194061139947735,False
238,"!(""scheduler_3==wait"" || X !((""scheduler_3==wait"" R <>""customer_8==q_error"") <-> []!(""customer_6==q_error"" <-> (<>""scheduler_2==to_start"" U (""scheduler_2==to_start"" && <>""scheduler_2==to_start"")))))",2.5879315700149164,False
239,"!((""scheduler_12==wait"" R <>X []""scheduler_3==to_start"") <-> <>!(!(""customer_10==q_error"" <-> X ""customer_6==running"") -> ""customer_7==q_error""))",2.564463317976333,True
240,"!(""scheduler_0==started"" <-> ((""scheduler_3==to_start"" R ""customer_5==running"") R ((""scheduler_7==started"" && (!""customer_5==q_error"" -> ""scheduler_5==to_start"")) <-> []""scheduler_6==to_start"")))",1.0635537870693952,True
241,"!(((""scheduler_6==started"" && ""scheduler_8==started"") || <>[](<>""customer_2==running"" U ""scheduler_12==to_start"")) -> (""scheduler_3==wait"" R (""scheduler_3==wait"" || []""customer_6==running"")))",2.309485274949111,True
242,"!(X (!(""customer_6==q_error"" R (""customer_6==q_error"" || (""scheduler_4==wait"" -> ""scheduler_9==to_start""))) R ([](""scheduler_8==wait"" -> <>(""customer_7==q_error"" R (""customer_7==q_error"" || ""scheduler_10==started""))) || !(""customer_6==q_error"" R (""customer_6==q_error"" || (""scheduler_4==wait"" -> ""scheduler_9==to_start""))))))",1.5460388109786436,False
243,"!([]<>((""scheduler_4==to_start"" <-> (""customer_11==q_error"" R <>""customer_9==q_error"")) && (""customer_4==q_error"" || (<>""customer_2==q_error"" R (""scheduler_2==to_start"" || <>""customer_2==q_error"")))))",2.885795469977893,True
244,"!([](<>""scheduler_4==to_start"" <-> ((<>""scheduler_9==started"" -> ""customer_5==q_error"") <-> ((""customer_6==q_error"" R (""customer_6==q_error"" || ""customer_8==q_error"")) U (""customer_6==running"" && (""customer_6==q_error"" R (""customer_6==q_error"" || ""customer_8==q_error"")))))))",0.8652969319373369,False
245,"!([]((""scheduler_6==to_start"" && (""scheduler_0==started"" R <>""scheduler_1==started"")) || (([]""scheduler_7==started"" R (<>""scheduler_4==to_start"" || []""scheduler_7==started"")) -> ""scheduler_12==to_start"")))",1.8158266379032284,True
246,"!([]<>X (""customer_7==q_error"" -> []""scheduler_9==to_start"") <-> (([]""scheduler_11==started"" R (""customer_3==running"" || []""scheduler_11==started"")) R (<>""scheduler_8==started"" || ([]""scheduler_11==started"" R (""customer_3==running"" || []""scheduler_11==started"")))))",2.6223381949821487,False
247,"!([]<>!X (<>""scheduler_5==to_start"" || (""customer_5==running"" R (""customer_5==running"" || <>""scheduler_9==to_start""))))",1.1749455629615113,True
248,"!(X <>(!(!""scheduler_4==to_start"" <-> []""customer_8==q_error"") U (([]""scheduler_5==wait"" || (""customer_8==running"" R <>""customer_0==q_error"")) && !(!""scheduler_4==to_start"" <-> []""customer_8==q_error""))))",1000.0,
249,"!(<>(<>""customer_4==q_error"" R (""scheduler_8==started"" || ""scheduler_10==wait"")) <-> <>((""customer_2==running"" U (""customer_2==running"" && ""customer_7==running"")) R (!""scheduler_12==started"" || (""customer_2==running"" U (""customer_2==running"" && ""customer_7==running"")))))",5.466183632030152,False
250,"!(!(""customer_6==running"" <-> ""scheduler_5==to_start"") || ((""scheduler_6==to_start"" || X ""scheduler_6==started"") R (""scheduler_6==to_start"" || X ""scheduler_6==started"" || <>X !(""scheduler_0==to_start"" <-> <>""customer_0==q_error""))))",1000.0,
251,"!([]([]""scheduler_2==started"" || (X (<>""customer_6==q_error"" U ""scheduler_10==to_start"") U (X !""customer_11==running"" U (""customer_9==q_error"" && X !""customer_11==running"")))))",0.8849564789561555,True
252,"!([](((""scheduler_0==to_start"" R !""customer_6==running"") R (""customer_11==q_error"" || (""scheduler_0==to_start"" R !""customer_6==running""))) -> (<>[]""scheduler_8==to_start"" U !X ""scheduler_7==wait"")))",3.428917395998724,False
253,"!(""scheduler_2==started"" R (""scheduler_2==started"" || <>(""customer_12==running"" <-> <>""customer_1==q_error"")))",2.3952595950104296,False
254,"!(!(""scheduler_1==to_start"" <-> ""scheduler_12==to_start"") R (<>!(""scheduler_7==wait"" <-> []<>[]""scheduler_0==started"") U (<>""customer_8==q_error"" && <>!(""scheduler_7==wait"" <-> []<>[]""scheduler_0==started""))))",2.6089865850517526,True
255,"!((!(""customer_6==running"" <-> ""scheduler_8==to_start"") || <>""scheduler_2==wait"") R (!(""customer_6==running"" <-> ""scheduler_8==to_start"") || <>""scheduler_2==wait"" || <>(!""scheduler_6==wait"" U (X ""customer_10==q_error"" U (""scheduler_12==started"" && X ""customer_10==q_error"")))))",0.6795613530557603,False
256,"!(!<>[](![]""scheduler_2==to_start"" U (!(<>""scheduler_8==to_start"" <-> (""scheduler_3==wait"" || X ""scheduler_7==started"")) && ![]""scheduler_2==to_start"")))",1.438309035031125,True
257,"!([]([](""scheduler_10==to_start"" R ![]<>""scheduler_12==to_start"") U !(""scheduler_1==wait"" <-> <>(""customer_10==running"" U ""scheduler_9==wait""))))",1.834805986029096,True
258,"!(!(""customer_6==running"" <-> <>!([]""scheduler_5==to_start"" <-> (""scheduler_11==started"" && !((""scheduler_7==started"" U (""customer_3==q_error"" && ""scheduler_7==started"")) R <>""scheduler_1==started"")))))",2.727181472000666,True
259,"!([]![]X ""customer_12==running"" <-> [](<>""customer_7==q_error"" -> (""customer_6==q_error"" U (""customer_12==q_error"" -> ""scheduler_4==to_start""))))",1.474257395020686,False
260,"!([]X <>!(X ""customer_10==q_error"" <-> ([]""customer_1==running"" U []!(""scheduler_3==to_start"" <-> (""scheduler_8==started"" R ""scheduler_6==wait"")))))",6.145511094946414,True
261,"!(<>([](""scheduler_12==wait"" <-> ((""scheduler_1==started"" -> ""scheduler_2==wait"") U ""scheduler_9==started"")) U ([](""scheduler_12==wait"" <-> ((""scheduler_1==started"" -> ""scheduler_2==wait"") U ""scheduler_9==started"")) && !([]""customer_9==running"" <-> <>""scheduler_10==started""))))",1.7152529309969395,True
262,"!((""scheduler_8==wait"" && ""scheduler_12==to_start"" && (""customer_3==running"" <-> ""scheduler_9==wait"")) R ((""scheduler_8==wait"" && ""scheduler_12==to_start"" && (""customer_3==running"" <-> ""scheduler_9==wait"")) || <>""customer_2==q_error"" || !<>""customer_12==q_error""))",2.1378072010120377,False
263,"!(<>""scheduler_6==started"" R (<>X ((true U X ""customer_6==q_error"") U (!""customer_8==running"" <-> ""scheduler_4==to_start"")) || <>""scheduler_6==started""))",2.888434925931506,False
264,"!(<>!(""scheduler_4==started"" <-> []((<>X ""scheduler_9==started"" U (!""scheduler_9==wait"" && <>X ""scheduler_9==started"")) U !(""scheduler_5==wait"" <-> <>""customer_6==running""))))",8.70595392701216,False
265,"!((""scheduler_8==wait"" R ""customer_2==running"") R (""customer_4==q_error"" || ""customer_4==running"" || (""scheduler_8==wait"" R ""customer_2==running"") || <>([]""scheduler_7==started"" U (!X ""scheduler_9==wait"" && []""scheduler_7==started""))))",0.8879951720591635,True
266,"!(<>(<>""customer_11==q_error"" R X (""scheduler_8==started"" || ([]X ""customer_3==q_error"" && ![]X ""scheduler_1==started""))))",3.286915964097716,True
267,"!(X ""customer_5==q_error"" R (X ""customer_5==q_error"" || (((""scheduler_6==wait"" U ""scheduler_9==wait"") R ([]<>(""scheduler_9==started"" -> ""customer_6==q_error"") || (""scheduler_6==wait"" U ""scheduler_9==wait""))) R (<>""customer_1==q_error"" || ((""scheduler_6==wait"" U ""scheduler_9==wait"") R ([]<>(""scheduler_9==started"" -> ""customer_6==q_error"") || (""scheduler_6==wait"" U ""scheduler_9==wait"")))))))",2.2847605369752273,False
268,"!(!((""customer_5==q_error"" R (""customer_5==q_error"" || <>!<>""scheduler_7==to_start"")) U ([]!((""customer_7==q_error"" && ""scheduler_12==to_start"") <-> <>""scheduler_2==to_start"") && (""customer_5==q_error"" R (""customer_5==q_error"" || <>!<>""scheduler_7==to_start"")))))",4.449448841041885,False
269,"!([]<>!(X ""customer_8==q_error"" <-> X !(!<>""customer_6==q_error"" <-> (""scheduler_7==started"" -> (""scheduler_2==wait"" U (""scheduler_2==wait"" && ""scheduler_5==to_start""))))))",3.6101476460462436,False
270,"!(X !X !((""customer_4==q_error"" || ""scheduler_10==to_start"") <-> []((""customer_6==running"" -> (""customer_5==running"" || ""customer_6==running"")) U (""scheduler_5==started"" && (""customer_6==running"" -> (""customer_5==running"" || ""customer_6==running""))))))",1.7327640230068937,True
271,"!(<>[]!((""customer_11==q_error"" || <>!""customer_0==q_error"") <-> (""scheduler_9==wait"" <-> (<>!""scheduler_2==wait"" U (""scheduler_9==wait"" && <>!""scheduler_2==wait"")))))",1000.0,
272,"!(<>(<>""scheduler_11==to_start"" || X ""scheduler_4==to_start"") R (<>(X ""customer_6==running"" || <>""customer_12==q_error"") R (""customer_10==q_error"" || <>(X ""customer_6==running"" || <>""customer_12==q_error""))))",2.364210703992285,False
273,"!(<>(""customer_0==running"" R ((""customer_4==q_error"" <-> ""scheduler_9==started"") -> ((""customer_3==q_error"" <-> (""customer_2==running"" U []""customer_4==running"")) U ""customer_6==q_error""))))",1000.0,
274,"!([]<>!((X <>""customer_1==q_error"" <-> (X ""scheduler_9==wait"" R (""scheduler_1==to_start"" || X ""scheduler_9==wait""))) <-> (X ""scheduler_6==to_start"" U (""scheduler_11==wait"" && X ""scheduler_6==to_start""))))",10.230295995948836,False
275,"!([](<>(""customer_9==q_error"" && ""scheduler_12==wait"") U ((<>(""scheduler_11==started"" R ""scheduler_9==started"") U (X ""customer_7==q_error"" && <>(""scheduler_11==started"" R ""scheduler_9==started""))) R (""scheduler_4==to_start"" || (<>(""scheduler_11==started"" R ""scheduler_9==started"") U (X ""customer_7==q_error"" && <>(""scheduler_11==started"" R ""scheduler_9==started"")))))))",4.953124803956598,True
276,"!(<>[](!(""scheduler_0==started"" <-> []""customer_2==running"") <-> ([]""scheduler_10==wait"" R (""customer_4==running"" || []""scheduler_10==wait""))) -> (""scheduler_11==wait"" R ""scheduler_10==to_start""))",6.023868701071478,False
277,"!(!(!(""customer_4==q_error"" R ""scheduler_11==wait"") <-> [](""customer_10==running"" || ((""customer_1==q_error"" <-> <>""scheduler_1==wait"") R (<>""customer_1==running"" || (""customer_1==q_error"" <-> <>""scheduler_1==wait""))))))",2.1643360919551924,True
278,"!(""customer_3==q_error"" <-> !<>([]""customer_7==running"" R !(<>""scheduler_3==to_start"" && (""scheduler_2==wait"" R (!""customer_6==running"" || ""scheduler_2==wait"")))))",2.040199667913839,True
279,"!(X ((<>""scheduler_1==wait"" U ((""scheduler_11==started"" U (""scheduler_3==started"" U X ""customer_2==q_error"")) R <>""customer_11==q_error"")) R (""scheduler_12==started"" || (<>""scheduler_1==wait"" U ((""scheduler_11==started"" U (""scheduler_3==started"" U X ""customer_2==q_error"")) R <>""customer_11==q_error"")))))",1.5162098610308021,True
280,"!((<>""scheduler_11==started"" R <>X ""customer_4==q_error"") U [](""scheduler_4==to_start"" R (""scheduler_4==to_start"" || []""customer_9==q_error"" || <>""scheduler_1==to_start"")))",3.9330542699899524,False
281,"!(""customer_8==running"" R (""customer_8==running"" || <>([]""customer_12==q_error"" || <>(<>""scheduler_3==started"" <-> X []""scheduler_6==to_start""))))",3.00378515094053,True
282,"!(!(""scheduler_6==to_start"" <-> <>!([]<>""customer_5==q_error"" <-> (<>X (""scheduler_1==started"" R !""customer_8==running"") U (""customer_8==running"" && <>X (""scheduler_1==started"" R !""customer_8==running""))))))",5.19518711802084,False
283,"!([]((<>X ""customer_12==running"" U ""scheduler_4==to_start"") U (!""scheduler_3==started"" && (""scheduler_0==started"" <-> <>""scheduler_5==wait""))))",0.8279384089400992,False
284,"!(<>(""scheduler_0==wait"" R ((""customer_12==running"" || ""scheduler_10==wait"" || (""scheduler_2==wait"" && ""scheduler_9==wait"")) U (X ""scheduler_0==to_start"" U (""customer_8==q_error"" && X ""scheduler_0==to_start"")))))",1.7876898280810565,True
285,"!(<>!<>(((""scheduler_7==to_start"" U []""customer_10==running"") -> ""customer_2==running"") -> (""scheduler_1==wait"" && ""scheduler_11==started"")) U (""scheduler_3==wait"" && <>!<>(((""scheduler_7==to_start"" U []""customer_10==running"") -> ""customer_2==running"") -> (""scheduler_1==wait"" && ""scheduler_11==started""))))",2.374619390000589,True
286,"!([](<>""customer_0==running"" U (!(""customer_11==running"" <-> <>(""customer_8==q_error"" <-> ""scheduler_0==wait"")) <-> (X ""scheduler_8==started"" U (""scheduler_7==to_start"" && X ""scheduler_8==started"")))))",1000.0,
287,"!([]X X ""customer_7==q_error"" R (<>""scheduler_11==to_start"" R (((""scheduler_12==wait"" -> ""scheduler_10==wait"") && []<>""customer_7==q_error"") || <>""scheduler_11==to_start"")))",3.1291037650080398,False
288,"!((""scheduler_6==to_start"" R (""scheduler_6==to_start"" || X ""customer_8==q_error"")) R (<>(""scheduler_4==started"" && (""customer_2==q_error"" || [](""scheduler_1==started"" R (""scheduler_1==started"" || ""scheduler_12==to_start"")))) || (""scheduler_6==to_start"" R (""scheduler_6==to_start"" || X ""customer_8==q_error""))))",0.7456275019794703,True
289,"!(""scheduler_6==started"" R ((""scheduler_12==started"" R (""scheduler_12==started"" || ((X (""customer_5==q_error"" <-> ""customer_10==q_error"") U ""scheduler_8==wait"") R (<>""scheduler_5==wait"" || (X (""customer_5==q_error"" <-> ""customer_10==q_error"") U ""scheduler_8==wait""))))) U (""customer_6==q_error"" && (""scheduler_12==started"" R (""scheduler_12==started"" || ((X (""customer_5==q_error"" <-> ""customer_10==q_error"") U ""scheduler_8==wait"") R (<>""scheduler_5==wait"" || (X (""customer_5==q_error"" <-> ""customer_10==q_error"") U ""scheduler_8==wait""))))))))",0.8274553420487791,True
290,"!([]X ((""scheduler_2==to_start"" <-> <>X (""scheduler_0==wait"" -> ""scheduler_2==wait"")) -> X (""customer_2==q_error"" <-> X ""scheduler_6==wait"")))",0.8437809129245579,True
291,"!(!([]([]""scheduler_4==to_start"" U <>""scheduler_3==to_start"") <-> !(""customer_5==running"" <-> ((""scheduler_4==to_start"" && ""scheduler_5==started"") R <>""scheduler_3==started""))))",2.8055538339540362,True
292,"!(<>!(!(""customer_1==q_error"" <-> ""scheduler_4==started"") <-> [](""scheduler_6==wait"" -> (<>(""customer_8==q_error"" R (""customer_8==q_error"" || ""scheduler_8==wait"")) U (X ""customer_0==q_error"" && <>(""customer_8==q_error"" R (""customer_8==q_error"" || ""scheduler_8==wait"")))))))",1000.0,
293,"!(!(<>""customer_7==q_error"" <-> []([]!(""scheduler_0==started"" <-> []""scheduler_10==started"") R (X ""scheduler_12==wait"" -> <>""scheduler_10==started""))))",3.230362421949394,False
294,"!((![](""scheduler_3==wait"" R (""scheduler_3==wait"" || (""scheduler_5==to_start"" R X ""scheduler_1==to_start""))) R (""scheduler_10==wait"" || ![](""scheduler_3==wait"" R (""scheduler_3==wait"" || (""scheduler_5==to_start"" R X ""scheduler_1==to_start""))))) R ((<>""scheduler_11==to_start"" U (""customer_7==q_error"" && <>""scheduler_11==to_start"")) || (![](""scheduler_3==wait"" R (""scheduler_3==wait"" || (""scheduler_5==to_start"" R X ""scheduler_1==to_start""))) R (""scheduler_10==wait"" || ![](""scheduler_3==wait"" R (""scheduler_3==wait"" || (""scheduler_5==to_start"" R X ""scheduler_1==to_start"")))))))",3.7619731730083004,False
295,"!(!([]![]X (""scheduler_3==wait"" U (""scheduler_3==wait"" && (""customer_1==running"" R ""scheduler_2==to_start""))) U ((""customer_5==q_error"" || []""scheduler_12==wait"") && []![]X (""scheduler_3==wait"" U (""scheduler_3==wait"" && (""customer_1==running"" R ""scheduler_2==to_start""))))))",1.5702383830212057,False
296,"!([]<>(""customer_5==q_error"" <-> X ""customer_12==running"") -> (""scheduler_9==wait"" R (""scheduler_9==wait"" || <>!(""scheduler_11==started"" <-> <>""customer_9==q_error""))))",4.308824173058383,False
297,"!([]<>([]""scheduler_10==started"" <-> <>!(""scheduler_8==wait"" || X ""customer_7==q_error"")))",1.8257342469878495,True
298,"!(<>[]!((""scheduler_7==started"" R (""customer_4==q_error"" || ""scheduler_7==started"")) R (""scheduler_5==wait"" || (""scheduler_7==started"" R (""customer_4==q_error"" || ""scheduler_7==started"")))) U !((""customer_4==running"" || ""scheduler_11==to_start"") <-> <>""scheduler_6==to_start""))",5.729384585982189,False
299,"!([]<>((""customer_6==running"" || <>""scheduler_6==to_start"") R (""scheduler_5==wait"" -> X (<>""scheduler_4==to_start"" <-> <>""customer_8==q_error""))))",8.595207851030864,False
300,"!(<>!(((""customer_10==running"" <-> ""scheduler_1==wait"") R ""scheduler_1==to_start"") <-> []<>(""scheduler_2==to_start"" U X <>""customer_9==q_error"")))",3.52115257200785,False
301,"!((![]<>""customer_7==q_error"" R ""scheduler_3==wait"") R <>((<>""customer_7==q_error"" U X ""scheduler_6==to_start"") U (""customer_0==running"" && (<>""customer_7==q_error"" U X ""scheduler_6==to_start""))))",1000.0,
302,"!(X ((""customer_1==q_error"" <-> (""scheduler_3==started"" || ""scheduler_4==to_start"")) R ![](X ""scheduler_10==started"" R (""scheduler_1==wait"" || ""scheduler_12==wait"" || X ""scheduler_10==started""))))",1.4332115110009909,False
303,"!([](<>[]""scheduler_7==wait"" <-> ([](""scheduler_9==to_start"" U X ""scheduler_3==wait"") R ([]""scheduler_8==wait"" || [](""scheduler_9==to_start"" U X ""scheduler_3==wait"")))))",1.5208707849960774,False
304,"!(![]X ""scheduler_12==to_start"" R (![]X ""scheduler_12==to_start"" || (""customer_5==running"" R (<>""scheduler_12==wait"" U (""customer_0==q_error"" && ""customer_6==q_error"" && ""scheduler_9==to_start"" && <>""scheduler_12==wait"")))))",1000.0,
305,"!(([]""scheduler_10==wait"" -> []""scheduler_4==wait"") R ((""scheduler_12==started"" || (!""customer_1==q_error"" <-> <>""customer_2==q_error"")) U ""scheduler_6==wait""))",0.7489762139739469,True
306,"!(""customer_8==running"" <-> ((""scheduler_4==wait"" && ""scheduler_9==wait"") R ((""scheduler_4==wait"" && ""scheduler_9==wait"") || ([]<>!""customer_12==running"" R X (""scheduler_11==to_start"" U (""customer_2==q_error"" && ""scheduler_11==to_start""))))))",0.6839814060367644,False
307,"!(<>(![](""customer_3==q_error"" U (""scheduler_7==wait"" && (""scheduler_12==to_start"" R ""scheduler_6==wait""))) <-> []<>[]""scheduler_5==started""))",3.434795640059747,True
308,"!((""customer_5==running"" || (""customer_9==q_error"" R (""customer_9==q_error"" || <>""customer_2==running""))) R (""customer_5==running"" || !(<>""customer_10==q_error"" <-> [](""customer_3==running"" <-> ""scheduler_0==started"")) || (""customer_9==q_error"" R (""customer_9==q_error"" || <>""customer_2==running""))))",3.1305868990020826,False
309,"!((((""scheduler_2==started"" <-> ""scheduler_6==wait"") R (!""scheduler_9==wait"" || (""scheduler_2==started"" <-> ""scheduler_6==wait""))) R ([]<>""customer_8==running"" || ((""scheduler_2==started"" <-> ""scheduler_6==wait"") R (!""scheduler_9==wait"" || (""scheduler_2==started"" <-> ""scheduler_6==wait""))))) && (""scheduler_6==wait"" R (""scheduler_6==wait"" || <>""customer_2==q_error"")))",0.7363631069893017,True
310,"!([]<>!([]<>""customer_6==q_error"" <-> X !((""scheduler_10==to_start"" || ""scheduler_12==to_start"") <-> <>!<>""scheduler_6==wait"")))",4.357608587946743,False
311,"!(([]""customer_7==q_error"" R <>(!""scheduler_4==to_start"" R ""customer_0==q_error"")) U X (""scheduler_6==started"" R (""scheduler_10==to_start"" -> ""customer_5==running"")))",1000.0,
312,"!([](<>""customer_1==q_error"" R ((""customer_9==running"" R (<>""scheduler_11==wait"" -> X X (""customer_7==q_error"" R <>""scheduler_2==started""))) || <>""customer_1==q_error"")))",3.0742906118975952,False
313,"!(""scheduler_12==wait"" R ((""scheduler_9==started"" -> <>""customer_3==running"") R ((""scheduler_9==started"" -> <>""customer_3==running"") || <>(true U (!""customer_1==q_error"" && ""customer_8==q_error"")))))",0.8120218820404261,False
314,"!([]""customer_7==q_error"" R <>!((""customer_5==q_error"" || ""scheduler_6==to_start"") <-> ([]""scheduler_7==wait"" <-> <>(""scheduler_6==wait"" && ""scheduler_11==started""))))",4.28166802204214,False
315,"!(!(!""scheduler_6==started"" <-> []""scheduler_5==wait"") R (![]X ""customer_10==q_error"" <-> <>(""scheduler_4==started"" && ""scheduler_7==to_start"")))",0.7369816749123856,True
316,"!(<>(!""scheduler_8==wait"" R ((""scheduler_5==wait"" R ""scheduler_8==to_start"") U X ""scheduler_3==to_start"")) R !(!""customer_2==running"" <-> ""scheduler_2==wait""))",2.2502104790182784,False
317,"!([](<>(""customer_0==running"" && []<>!""scheduler_9==wait"") <-> (X ""customer_6==q_error"" R (<>""scheduler_3==to_start"" || X ""customer_6==q_error""))))",1000.0,
318,"!(""customer_1==running"" <-> (""customer_2==q_error"" R (""customer_2==q_error"" || (""scheduler_4==to_start"" U !X <>X (<>""scheduler_8==started"" R X ""customer_11==q_error"")))))",4.3456223929533735,True
319,"!(!(<>(""scheduler_0==to_start"" R ""customer_4==running"") <-> !(!(""customer_8==running"" <-> ""scheduler_4==to_start"") <-> <>[](""scheduler_6==started"" R <>""scheduler_8==started""))))",3.6611235190648586,False
320,"!([](""customer_7==running"" -> ""scheduler_2==wait"") R ([](""customer_7==running"" -> ""scheduler_2==wait"") || <>((<>""customer_5==q_error"" R (<>""customer_5==q_error"" || !(""scheduler_6==to_start"" <-> []""scheduler_5==to_start""))) U (""scheduler_1==to_start"" && (<>""customer_5==q_error"" R (<>""customer_5==q_error"" || !(""scheduler_6==to_start"" <-> []""scheduler_5==to_start"")))))))",2.8770837310003117,False
321,"!(<>!<>X ((""customer_11==q_error"" U !""scheduler_9==to_start"") <-> (""customer_4==q_error"" R ""scheduler_8==started"")))",1.7550040839705616,True
322,"!((""scheduler_9==to_start"" R ""scheduler_4==started"") R ((""scheduler_9==to_start"" R ""scheduler_4==started"") || ([]<>[]""scheduler_3==wait"" && (!""customer_3==q_error"" U (!""customer_3==q_error"" && X <>""customer_2==q_error"")))))",0.7698747670510784,True
